时间戳记,"By typing in your Prolific ID and submitting, you acknowledge that:

- You are at least 18 years of age.
- You have read and understood this information.
- You agree to participate and allow your anonymous responses to be used for academic research.","Please read carefully before continuing.
This survey will take approximately 60 minutes to complete. We ask that you respond thoughtfully and seriously — your input is highly valuable to our research.
There are 30 questions, divided into chats of 20 minutes each.
We encourage you to use the microphone and answer in detail — we will only keep the transcript.
Participants who complete the survey attentively will receive fair compensation through Prolific.
Are you willing to proceed?","In the past five years, briefly describe your housing experience, including any moves, rental situations, and changes in your housing status. What were the reasons for these changes?",What is your age?,Have you moved in the past year?,"If you rent, what is your approximate monthly rent as a percentage of your income?",What best describes your housing status?,What is your primary mode of transportation? (Please select all that apply),What is your annual household income?,Which of the following best describes your occupation?,What's your marital status?,Do you have any children under the age of 18 living with you?,What is the age range of your children under 18 years old? (You may select more than one option.),What is your ZIP code?,"On a scale from 1 to 10, how much do you support or oppose allowing bigger, taller apartment buildings in your neighborhood?
(1 = Strongly oppose, 10 = Strongly support)","How much do the following reasons influence your general opinion on upzoning?
(1 = almost no impact; 5 = very large impact) [Building more homes helps with the housing crisis.]","How much do the following reasons influence your general opinion on upzoning?
(1 = almost no impact; 5 = very large impact) [Taller buildings might change the look and feel of the neighborhood.]","How much do the following reasons influence your general opinion on upzoning?
(1 = almost no impact; 5 = very large impact) [More people could mean more traffic and harder parking.]","How much do the following reasons influence your general opinion on upzoning?
(1 = almost no impact; 5 = very large impact) [This gives more housing choices for middle- and lower-income people.]","How much do the following reasons influence your general opinion on upzoning?
(1 = almost no impact; 5 = very large impact) [I’m worried about how this might affect my home value.]","How much do the following reasons influence your general opinion on upzoning?
(1 = almost no impact; 5 = very large impact) [Everyone should pitch in when it comes to new development.]","How much do the following reasons influence your general opinion on upzoning?
(1 = almost no impact; 5 = very large impact) [Taller buildings could mean more noise or crowding.]","How much do the following reasons influence your general opinion on upzoning?
(1 = almost no impact; 5 = very large impact) [Local businesses benefit when more people live nearby.]","How much do the following reasons influence your general opinion on upzoning?
(1 = almost no impact; 5 = very large impact) [It could make the area more walkable and convenient.]","How much do the following reasons influence your general opinion on upzoning?
(1 = almost no impact; 5 = very large impact) [I’m worried about things like school crowding or sewer systems.]","Imagine this:
After the city allows more apartments in low-density areas, rent prices drop 10–15%. Your monthly rent is noticeably lower. It’s easier to find a decent place.
How would this affect your stance?
(1 = Much less supportive, 10 = Much more supportive)","To what extent do the following reasons influence your stance?
(1 = almost no impact; 5 = very large impact)
(These reasons are specifically in response to the above scenario.) [Building more homes helps with the housing crisis.]","To what extent do the following reasons influence your stance?
(1 = almost no impact; 5 = very large impact)
(These reasons are specifically in response to the above scenario.) [More traffic and parking is a real concern.]","To what extent do the following reasons influence your stance?
(1 = almost no impact; 5 = very large impact)
(These reasons are specifically in response to the above scenario.) [Everyone should help handle the growth.]","To what extent do the following reasons influence your stance?
(1 = almost no impact; 5 = very large impact)
(These reasons are specifically in response to the above scenario.) [More people means more business for local shops.]","To what extent do the following reasons influence your stance?
(1 = almost no impact; 5 = very large impact)
(These reasons are specifically in response to the above scenario.) [I’d worry about noise and crowding on my block.]","Now imagine the new buildings had to follow strict design and shadow rules to protect sunlight and views.
How would this affect your stance?
(1 = Much less supportive, 10 = Much more supportive)","To what extent do the following reasons influence your stance?
(1 = almost no impact; 5 = very large impact)
(These reasons are specifically in response to the above scenario.) [Taller buildings might still hurt the neighborhood’s look or vibe.]","To what extent do the following reasons influence your stance?
(1 = almost no impact; 5 = very large impact)
(These reasons are specifically in response to the above scenario.) [This helps create more affordable housing options.]","To what extent do the following reasons influence your stance?
(1 = almost no impact; 5 = very large impact)
(These reasons are specifically in response to the above scenario.) [I’d worry about my property value or investment.]","To what extent do the following reasons influence your stance?
(1 = almost no impact; 5 = very large impact)
(These reasons are specifically in response to the above scenario.) [I care about shadows, building height, and how things look.]","To what extent do the following reasons influence your stance?
(1 = almost no impact; 5 = very large impact)
(These reasons are specifically in response to the above scenario.) [Good design rules can ease some of those concerns.]","What if the same upzoning rules applied across the whole city—even in wealthy neighborhoods that usually don’t get new development?
How would this affect your stance?
(1 = Much less supportive, 10 = Much more supportive)","To what extent do the following reasons influence your stance?
(1 = almost no impact; 5 = very large impact)
(These reasons are specifically in response to the above scenario.) [Everyone should share the responsibility for new growth.]","To what extent do the following reasons influence your stance?
(1 = almost no impact; 5 = very large impact)
(These reasons are specifically in response to the above scenario.) [Taller buildings might still change the character of areas.]","To what extent do the following reasons influence your stance?
(1 = almost no impact; 5 = very large impact)
(These reasons are specifically in response to the above scenario.) [Fair rules build public trust.]","To what extent do the following reasons influence your stance?
(1 = almost no impact; 5 = very large impact)
(These reasons are specifically in response to the above scenario.) [All neighborhoods should handle school/infrastructure needs.]","To what extent do the following reasons influence your stance?
(1 = almost no impact; 5 = very large impact)
(These reasons are specifically in response to the above scenario.) [New neighbors should be welcomed everywhere.]","[Attention]
Please press the following link to finish chatbot study: https://zoning.trace-your-thinking.com/

Have you finished it?","What is your race or ethnicity?
(Select all that apply)",Which of the following best describes your current financial situation?,"How safe do you feel in your neighborhood?
(Please choose the option that best reflects your day-to-day experience.)","Some cities use public surveillance cameras with facial recognition to monitor public spaces, aiming to deter crime and improve safety. Others raise concerns about privacy, bias, and state overreach.
On a scale from 1 to 10, how much do you support or oppose increasing the use of public surveillance cameras in urban areas?
(1 = Most Unsupportive, 10 = Most Supportive)","How often do you feel safer when you see surveillance cameras in public places?
(1 = Never, 10 = Very frequently)","How comfortable do you feel when being monitored by surveillance cameras in public places?
（1 = Very uncomfortable，10 = Completely comfortable）","If you or someone you know has had a negative experience with facial recognition or surveillance technology, how negative was it?
（1 = Not negative at all / Never happened，10 = Extremely negative）","To what extent do the following reasons influence your stance on public surveillance cameras?
(1 = almost no impact; 5 = very large impact)
Please rate how each of the following reasons influences your opinion in general. [Surveillance is often used as a tool to deter crime.]","To what extent do the following reasons influence your stance on public surveillance cameras?
(1 = almost no impact; 5 = very large impact)
Please rate how each of the following reasons influences your opinion in general. [Government surveillance invades personal privacy.]","To what extent do the following reasons influence your stance on public surveillance cameras?
(1 = almost no impact; 5 = very large impact)
Please rate how each of the following reasons influences your opinion in general. [Surveillance may influence public behavior.]","To what extent do the following reasons influence your stance on public surveillance cameras?
(1 = almost no impact; 5 = very large impact)
Please rate how each of the following reasons influences your opinion in general. [Surveillance systems can be misused to target marginalized communities.]","To what extent do the following reasons influence your stance on public surveillance cameras?
(1 = almost no impact; 5 = very large impact)
Please rate how each of the following reasons influences your opinion in general. [Concentrated surveillance power can be misused.]","To what extent do the following reasons influence your stance on public surveillance cameras?
(1 = almost no impact; 5 = very large impact)
Please rate how each of the following reasons influences your opinion in general. [Cameras create a false sense of security without solving root causes.]","To what extent do the following reasons influence your stance on public surveillance cameras?
(1 = almost no impact; 5 = very large impact)
Please rate how each of the following reasons influences your opinion in general. [I’m more concerned about safety than privacy.]","To what extent do the following reasons influence your stance on public surveillance cameras?
(1 = almost no impact; 5 = very large impact)
Please rate how each of the following reasons influences your opinion in general. [Surveillance technology can be biased or inaccurate.]","To what extent do the following reasons influence your stance on public surveillance cameras?
(1 = almost no impact; 5 = very large impact)
Please rate how each of the following reasons influences your opinion in general. [The existence of data traces makes me feel vulnerable]","To what extent do the following reasons influence your stance on public surveillance cameras?
(1 = almost no impact; 5 = very large impact)
Please rate how each of the following reasons influences your opinion in general. [Surveillance may make people feel less free in daily life.]","To what extent do the following reasons influence your stance on public surveillance cameras?
(1 = almost no impact; 5 = very large impact)
Please rate how each of the following reasons influences your opinion in general. [I worry that surveillance policies, once implemented, are hard to roll back.]","To what extent do the following reasons influence your stance on public surveillance cameras?
(1 = almost no impact; 5 = very large impact)
Please rate how each of the following reasons influences your opinion in general. [Public spaces should be monitored to maintain order.]","After your neighborhood installs security cameras on main streets and intersections, break-ins and car thefts drop. Serious crimes like assaults and robberies fall by 20% which is significant.
Knowing this, how does it affect your opinion about camera networks?
(1 = Much more opposed, 10 = Much more supportive)","To what extent do the following reasons influence your stance on public surveillance cameras?
(1 = almost no impact; 5 = very large impact)
(These reasons are specifically in response to the above scenario.) [Surveillance is often used as a tool to deter crime.]","To what extent do the following reasons influence your stance on public surveillance cameras?
(1 = almost no impact; 5 = very large impact)
(These reasons are specifically in response to the above scenario.) [Surveillance systems can be misused to target marginalized communities.]","To what extent do the following reasons influence your stance on public surveillance cameras?
(1 = almost no impact; 5 = very large impact)
(These reasons are specifically in response to the above scenario.) [Concentrated surveillance power can be misused.]","To what extent do the following reasons influence your stance on public surveillance cameras?
(1 = almost no impact; 5 = very large impact)
(These reasons are specifically in response to the above scenario.) [I’m more concerned about safety than privacy.]","To what extent do the following reasons influence your stance on public surveillance cameras?
(1 = almost no impact; 5 = very large impact)
(These reasons are specifically in response to the above scenario.) [Surveillance technology can be biased or inaccurate.]","Suppose all surveillance footage was stored for only 48 hours and reviewed only after incidents. How would this design affect your stance?
(1 = Much more opposed, 10 = Much more supportive)","To what extent do the following reasons influence your stance on public surveillance cameras?
(1 = almost no impact; 5 = very large impact)
(These reasons are specifically in response to the above scenario.) [Government surveillance invades personal privacy.]","To what extent do the following reasons influence your stance on public surveillance cameras?
(1 = almost no impact; 5 = very large impact)
(These reasons are specifically in response to the above scenario.) [Surveillance may make people feel less free in daily life.]","To what extent do the following reasons influence your stance on public surveillance cameras?
(1 = almost no impact; 5 = very large impact)
(These reasons are specifically in response to the above scenario.) [I worry that surveillance policies, once implemented, are hard to roll back.]","If cameras were owned and managed by local community boards, not centralized police, would that impact your opinion?
(1 = Much less supportive, 10 = Much more supportive)","To what extent do the following reasons influence your stance on public surveillance cameras?
(1 = almost no impact; 5 = very large impact)
(These reasons are specifically in response to the above scenario.) [Surveillance systems can be misused to target marginalized communities.]","To what extent do the following reasons influence your stance on public surveillance cameras?
(1 = almost no impact; 5 = very large impact)
(These reasons are specifically in response to the above scenario.) [Concentrated surveillance power can be misused.]","To what extent do the following reasons influence your stance on public surveillance cameras?
(1 = almost no impact; 5 = very large impact)
(These reasons are specifically in response to the above scenario.) [The existence of data traces makes me feel vulnerable]","[Attention]
Please press the following link to finish chatbot study: https://camera.trace-your-thinking.com/

Have you finished it?","Which of the following best describes your current health insurance and disability status?
(Select one)","What is the highest level of education you have completed?
(Select one)","What is your citizenship and nativity status?
(Select one)","Universal healthcare refers to a system in which all individuals have access to necessary health services without financial hardship, typically funded by public resources such as taxes.
On a scale from 1 to 10, how much do you support or oppose implementing a universal healthcare system in the U.S.?
(1 = Most Unsupportive, 10 = Most Supportive)","Have you or someone close to you ever delayed medical care due to cost?
(1 = Never, 10 = Very frequently)","If you have ever used a publicly funded health service (e.g., Medicaid, VA hospitals, COVID testing), how positive was your experience?
（1 = Not at all positive / Very negative，10 = Very positive）","Do you feel your current health insurance provides adequate coverage for your needs?
(1 = Not at all, 10 = Completely)","To what extent do the following reasons influence your stance on universal healthcare?
(1 = almost no impact; 5 = very large impact)
Please rate how each of the following reasons influences your opinion in general. [Access to healthcare is a fundamental human right.]","To what extent do the following reasons influence your stance on universal healthcare?
(1 = almost no impact; 5 = very large impact)
Please rate how each of the following reasons influences your opinion in general. [I’m concerned about government inefficiency.]","To what extent do the following reasons influence your stance on universal healthcare?
(1 = almost no impact; 5 = very large impact)
Please rate how each of the following reasons influences your opinion in general. [Individuals should play an active role in managing their own health costs.]","To what extent do the following reasons influence your stance on universal healthcare?
(1 = almost no impact; 5 = very large impact)
Please rate how each of the following reasons influences your opinion in general. [Universal healthcare would reduce inequality.]","To what extent do the following reasons influence your stance on universal healthcare?
(1 = almost no impact; 5 = very large impact)
Please rate how each of the following reasons influences your opinion in general. [I worry about tax increases.]","To what extent do the following reasons influence your stance on universal healthcare?
(1 = almost no impact; 5 = very large impact)
Please rate how each of the following reasons influences your opinion in general. [Public healthcare might slow down medical advances or new treatments.]","To what extent do the following reasons influence your stance on universal healthcare?
(1 = almost no impact; 5 = very large impact)
Please rate how each of the following reasons influences your opinion in general. [I’ve seen or experienced unaffordable care.]","To what extent do the following reasons influence your stance on universal healthcare?
(1 = almost no impact; 5 = very large impact)
Please rate how each of the following reasons influences your opinion in general. [It’s unfair if people who don’t need care have to pay for those who do.]","To what extent do the following reasons influence your stance on universal healthcare?
(1 = almost no impact; 5 = very large impact)
Please rate how each of the following reasons influences your opinion in general. [I rely on experts and evidence to form opinions about health policy.]","To what extent do the following reasons influence your stance on universal healthcare?
(1 = almost no impact; 5 = very large impact)
Please rate how each of the following reasons influences your opinion in general. [Income should not determine access to care.]","To what extent do the following reasons influence your stance on universal healthcare?
(1 = almost no impact; 5 = very large impact)
Please rate how each of the following reasons influences your opinion in general. [Universal healthcare might reduce personal choice in care.]","To what extent do the following reasons influence your stance on universal healthcare?
(1 = almost no impact; 5 = very large impact)
Please rate how each of the following reasons influences your opinion in general. [Private companies may prioritize revenue over patient outcomes.]","To what extent do the following reasons influence your stance on universal healthcare?
(1 = almost no impact; 5 = very large impact)
Please rate how each of the following reasons influences your opinion in general. [Everyone shares the costs so no one faces a health crisis alone.]","Imagine this:
After switching to a universal healthcare system, national health costs drop by 15%. You pay less in premiums or out-of-pocket. A family member finally sees a specialist without worrying about the bill. The system runs more efficiently.

How would this affect your stance?
(1 = Much more opposed, 10 = Much more supportive)","To what extent do the following reasons influence your stance on universal healthcare?
(1 = almost no impact; 5 = very large impact)
(These reasons are specifically in response to the above scenario.) [Access to healthcare is a fundamental human right.]","To what extent do the following reasons influence your stance on universal healthcare?
(1 = almost no impact; 5 = very large impact)
(These reasons are specifically in response to the above scenario.) [I worry about tax increases.]","To what extent do the following reasons influence your stance on universal healthcare?
(1 = almost no impact; 5 = very large impact)
(These reasons are specifically in response to the above scenario.) [Public healthcare might slow down medical advances or new treatments.]","To what extent do the following reasons influence your stance on universal healthcare?
(1 = almost no impact; 5 = very large impact)
(These reasons are specifically in response to the above scenario.) [I rely on experts and evidence to form opinions about health policy.]","To what extent do the following reasons influence your stance on universal healthcare?
(1 = almost no impact; 5 = very large impact)
(These reasons are specifically in response to the above scenario.) [Universal healthcare might reduce personal choice in care.]","Suppose universal healthcare reduced your household’s annual out-of-pocket costs by $3,000. How would this affect your stance?
(1 = No effect, 10 = Much more supportive)","To what extent do the following reasons influence your stance on universal healthcare?
(1 = almost no impact; 5 = very large impact)
(These reasons are specifically in response to the above scenario.) [I worry about tax increases.]","To what extent do the following reasons influence your stance on universal healthcare?
(1 = almost no impact; 5 = very large impact)
(These reasons are specifically in response to the above scenario.) [I’ve seen or experienced unaffordable care.]","To what extent do the following reasons influence your stance on universal healthcare?
(1 = almost no impact; 5 = very large impact)
(These reasons are specifically in response to the above scenario.) [It’s unfair if people who don’t need care have to pay for those who do.]","To what extent do the following reasons influence your stance on universal healthcare?
(1 = almost no impact; 5 = very large impact)
(These reasons are specifically in response to the above scenario.) [Private companies may prioritize revenue over patient outcomes.]","To what extent do the following reasons influence your stance on universal healthcare?
(1 = almost no impact; 5 = very large impact)
(These reasons are specifically in response to the above scenario.) [Everyone shares the costs so no one faces a health crisis alone.]","If private insurance remained available alongside the public system, how would that impact your stance?
(1 = Much more opposed, 10 = Much more supportive)","To what extent do the following reasons influence your stance on universal healthcare?
(1 = almost no impact; 5 = very large impact)
(These reasons are specifically in response to the above scenario.) [I rely on experts and evidence to form opinions about health policy.]","To what extent do the following reasons influence your stance on universal healthcare?
(1 = almost no impact; 5 = very large impact)
(These reasons are specifically in response to the above scenario.) [Income should not determine access to care.]","To what extent do the following reasons influence your stance on universal healthcare?
(1 = almost no impact; 5 = very large impact)
(These reasons are specifically in response to the above scenario.) [Universal healthcare might reduce personal choice in care.]","To what extent do the following reasons influence your stance on universal healthcare?
(1 = almost no impact; 5 = very large impact)
(These reasons are specifically in response to the above scenario.) [Private companies may prioritize revenue over patient outcomes.]","If public coverage only included essential services, and elective care remained private, how would that affect your opinion?
(1 = Much less supportive, 10 = Much more supportive)","To what extent do the following reasons influence your stance on universal healthcare?
(1 = almost no impact; 5 = very large impact)
(These reasons are specifically in response to the above scenario.) [Access to healthcare is a fundamental human right.]","To what extent do the following reasons influence your stance on universal healthcare?
(1 = almost no impact; 5 = very large impact)
(These reasons are specifically in response to the above scenario.) [Universal healthcare would reduce inequality.]","To what extent do the following reasons influence your stance on universal healthcare?
(1 = almost no impact; 5 = very large impact)
(These reasons are specifically in response to the above scenario.) [It’s unfair if people who don’t need care have to pay for those who do.]","To what extent do the following reasons influence your stance on universal healthcare?
(1 = almost no impact; 5 = very large impact)
(These reasons are specifically in response to the above scenario.) [I rely on experts and evidence to form opinions about health policy.]","To what extent do the following reasons influence your stance on universal healthcare?
(1 = almost no impact; 5 = very large impact)
(These reasons are specifically in response to the above scenario.) [Income should not determine access to care.]","[Attention]
Please press the following link to finish chatbot study: https://healthcare.trace-your-thinking.com/

Have you finished it?"
2025-5-15 上午05:57:21,6008bb26b4bbfe568fa29d80,"Yes, I’m ready to begin.","In the past 5 years my housing experience was just me staying at home, after covid happened, I moved back to my parents place and been staying ever since.",27,Same house 1 year ago,Not computed,Other,"Car / Truck / Van, Public Transportation, Worked from home","$40,000-$44,999","Management, business, science, and arts occupations",Never Married,No,No Children,94533,8,4,2,2,4,2,2,2,4,3,1,9,4,2,3,4,2,9,1,4,3,2,4,9,4,3,4,3,2,Yes,,,,7,6,6,3,4,3,4,3,3,3,3,4,4,4,4,4,8,4,3,4,4,3,9,3,3,4,9,3,3,3,No,,,,,,,,,,,,,,,,,,,,,,,,,,,,,,,,,,,,,,,,,,,,
2025-5-15 上午06:13:25,67ec3bb02bcef82c1994c47d,"Yes, I’m ready to begin.","Over the past five years I have rented houses, moved from one apartment to another. However, recently I bought a house. The apartments were congested and it was not easy to find own compound house, hence the decision to buy my own house. ",41,Different house in United States 1 year ago,40.0 to 49.9 percent,Owner-occupied,"Car / Truck / Van, Taxi / cab, Walk, Public Transportation, Worked from home","$125,000-$149,999",Service occupations,Now Married (Spouse Present),Yes,Under 6 years old,38134,7,5,2,3,5,1,5,4,5,2,2,10,5,3,5,5,4,10,5,5,3,3,5,10,5,5,5,5,5,Yes,,,,10,10,10,5,5,2,5,1,1,1,5,1,3,2,2,5,10,5,5,5,5,5,10,2,3,4,10,5,5,3,Yes,,,,10,10,8,8,5,3,1,1,3,1,5,1,3,5,5,5,5,10,5,5,5,5,5,10,3,5,5,2,5,10,5,5,5,5,10,5,5,2,2,5,Yes
2025-5-15 上午06:35:39,674b42b90b5d5c6beba9752b,"Yes, I’m ready to begin.","I have experienced several changes in my housing situation due to financial, personal, and employment-related reasons. I initially lived in a rental apartment but had to move when the rent increased beyond what I could afford. I then stayed temporarily with family while I searched for a more affordable option. After securing a steady income, I moved into a new rental unit, where I stayed for a couple of years. Most recently, I had to relocate again due to the property being sold by the owner. Throughout this time, my focus has been on maintaining stable, safe, and affordable housing as circumstances evolved.",24,Same house 1 year ago,20.0 to 24.9 percent,Owner-occupied,"Car / Truck / Van, Motorcycle","$40,000-$44,999","Natural resources, construction, and maintenance occupations",Now Married (Spouse Present),No,No Children,20851,7,4,3,5,4,3,5,4,5,3,3,8,4,5,3,4,3,7,4,3,5,4,3,7,3,4,5,3,4,Yes,,,,8,7,8,5,4,3,5,3,4,3,3,5,4,5,3,4,8,3,4,5,3,4,7,4,3,3,7,3,4,3,Yes,,,,8,7,8,6,4,3,4,4,3,5,4,3,5,4,5,3,4,7,4,3,5,3,4,8,2,4,3,5,3,7,4,3,4,2,6,3,4,3,5,3,Yes
2025-5-15 上午07:05:00,682226c346afafb0ede17742,"Yes, I’m ready to begin.","Over the past five years, I’ve moved a couple of times. I was renting a one-bedroom, but the rent kept going up, so I had to look for something cheaper. I ended up moving to a different neighborhood that wasn’t my first choice, but it was more affordable. Then I moved again to be closer to my job and to get a bit more space. Honestly, each move was mostly about trying to make things work financially and finding a decent place that fit my needs.",27,Same house 1 year ago,25.0 to 29.9 percent,Renter,"Car / Truck / Van, Public Transportation","$100,000-$124,999","Management, business, science, and arts occupations",Now Married (Spouse Present),Yes,Under 6 years old,49221,7,4,3,3,5,2,4,3,4,4,3,9,5,2,4,4,2,10,2,5,2,5,5,9,5,3,5,4,5,Yes,,,,8,9,8,9,4,5,4,4,5,4,4,5,5,4,4,4,9,4,4,4,3,4,9,4,3,4,8,3,3,4,Yes,,,,8,8,7,9,5,4,4,2,3,2,2,3,2,2,2,2,2,8,4,4,5,4,4,9,4,3,4,4,3,9,5,4,4,5,5,4,3,5,4,5,Yes
2025-5-15 上午08:25:41,6738bbb49b751f21694bb4af,"Yes, I’m ready to begin.","I have been renting half of a duplex from my stepmother for the past 5+ years, it has honestly been a nightmare, but at least somewhat stable, although it does not feel that way.",50,Same house 1 year ago,50.0 percent or more,Renter,Car / Truck / Van,"$45,000–$49,999",Service occupations,Never Married,No,No Children,78757,1,1,5,5,2,3,1,5,2,2,3,5,2,5,1,2,5,7,5,2,4,5,3,5,1,5,2,1,1,Yes,,,,10,10,8,1,5,3,4,5,2,2,5,2,3,1,3,5,10,3,2,1,5,2,6,1,1,2,8,2,1,1,Yes,,,,10,10,8,1,5,1,1,5,2,1,5,1,2,5,1,5,5,10,5,1,1,2,1,10,1,5,1,5,5,5,4,5,2,5,3,5,5,1,3,5,Yes
2025-5-15 上午10:12:34,682351e5764c5a12a75e2129,"Yes, I’m ready to begin.","In the past five years, I have moved twice. Initially, I rented a one-bedroom apartment in a high-demand urban area, but after a rent increase, I relocated to a more affordable neighborhood. About two years ago, I moved again due to a job change that required me to be closer to a new office. Each move was influenced by rising housing costs, work-related factors, and the desire for better living conditions.

",24,Same house 1 year ago,50.0 percent or more,Owner-occupied,"Car / Truck / Van, Taxi / cab, Public Transportation","$150,000-$199,999","Management, business, science, and arts occupations",Now Married (Spouse Present),Yes,Under 6 years old,96162,8,4,3,2,4,4,4,4,3,4,3,7,4,4,3,4,4,8,4,5,4,3,4,7,4,3,4,3,4,Yes,Black or African American,"I struggle to afford basic needs (e.g., food, housing, healthcare)",Very safe – I rarely worry about crime,6,8,8,8,3,4,3,4,3,4,3,4,3,3,3,3,6,3,2,3,4,3,7,4,3,4,7,2,4,4,Yes,"with a disability, with public health insurance",Graduate or professional degree,Native-born U.S. citizen,8,9,7,7,4,3,4,4,4,4,4,2,4,4,3,4,4,8,4,3,4,4,3,8,4,3,2,4,4,8,4,3,4,4,8,3,4,3,4,4,Yes
2025-5-15 上午11:06:15,63bc819194ca25a555eb8fb5,"Yes, I’m ready to begin.",My mom sold her house and I had to find an apartment quickly. Had trouble with a lot of renters and found one that works with me even if the situation isn't ideal but planning to move again soon.,34,Different house in United States 1 year ago,50.0 percent or more,Renter,"Walk, Worked from home","$10,000-$14,999",Service occupations,Never Married,No,No Children,17325,10,5,4,4,5,1,4,4,5,5,1,10,5,2,4,5,2,10,2,5,1,1,4,8,4,4,4,4,5,Yes,White,"I get by, but money is tight",Somewhat safe – I take normal precautions,10,10,10,1,5,2,4,5,5,3,5,2,1,2,2,4,10,5,3,4,5,3,10,2,2,2,10,2,2,1,Yes,"no disability, with public health insurance",High school graduate or equivalent,Native-born U.S. citizen,10,10,10,10,5,4,3,4,2,1,5,2,4,5,2,5,4,10,4,3,1,4,3,10,2,5,2,5,4,10,4,5,1,4,6,3,4,1,4,5,Yes
2025-5-15 上午11:07:24,6640be7edc706d4622dbab1c,"Yes, I’m ready to begin.","I used to rent a room since it was very cheap. The landlord and I got into arguments, and he ended up kicking me out without notice. Then, I stayed in an extended stay. Afterwards, I signed a lease to rent a one bedroom house, so I could have some affordable, stable shelter. I am currently living in that house. ",24,Same house 1 year ago,50.0 percent or more,Renter,"Walk, Worked from home","<$10,000",Service occupations,Never Married,No,No Children,79411,8,5,3,4,5,1,4,5,5,5,3,10,5,3,5,5,3,8,2,4,2,5,5,10,5,4,5,5,5,Yes,"White, Black or African American","I struggle to afford basic needs (e.g., food, housing, healthcare)",Very unsafe – I regularly feel threatened or unsafe,3,8,2,5,5,5,5,5,5,3,4,5,5,4,5,5,10,5,3,3,5,3,10,5,5,5,7,5,5,5,Yes,"with a disability, without health insurance",High school graduate or equivalent,Native-born U.S. citizen,10,10,9,1,5,5,3,5,2,2,5,2,4,5,4,5,5,10,5,1,1,4,2,10,4,5,1,4,4,10,4,5,5,5,7,5,5,1,4,5,Yes
2025-5-15 上午11:42:52,668a08bcc623b9b9500b85c8,"Yes, I’m ready to begin.",In the past 5 years I moved into my single family attached home that I currently own. At the time I was looking for an house in the best neighborhood that I can own because I was at the age where I could move out.,23,Same house 1 year ago,Not computed,Owner-occupied,Car / Truck / Van,">$200,000","Management, business, science, and arts occupations",Never Married,No,No Children,77033,10,5,5,3,2,1,3,1,2,2,1,10,5,1,5,5,1,10,1,3,1,5,3,10,5,5,5,5,5,Yes,Black or African American,I have more than enough to meet my needs,Very safe – I rarely worry about crime,10,10,10,1,1,1,1,1,1,1,1,1,1,1,1,1,10,1,1,1,1,1,10,1,1,1,10,1,1,1,Yes,"no disability, with public health insurance",Bachelor’s degree,Native-born U.S. citizen,10,1,10,10,5,1,1,1,1,1,1,1,5,5,1,1,1,10,5,1,1,5,2,10,1,1,1,1,2,10,5,5,1,1,10,5,1,1,5,5,Yes
2025-5-15 下午12:07:18,67ad193553c9041650416662,"Yes, I’m ready to begin.","I have moved twice. I started in  A one-bedroom apartment, then I moved to a different town in a bedroom. the main reason was because of work and job opportunities and the need for space",34,Same house 1 year ago,20.0 to 24.9 percent,Renter,"Car / Truck / Van, Walk, Public Transportation","$125,000-$149,999",Service occupations,Now Married (Spouse Present),Yes,6 to 17 years old,82801,6,4,5,4,4,3,4,4,3,4,4,9,4,3,4,5,4,8,4,4,5,3,4,8,3,4,4,3,4,Yes,White,I have more than enough to meet my needs,Very safe – I rarely worry about crime,8,7,7,8,3,4,4,3,4,3,3,4,3,3,4,3,8,4,3,3,4,3,8,3,4,3,8,3,4,3,Yes,"with a disability, with public health insurance",Graduate or professional degree,Native-born U.S. citizen,8,9,8,6,3,4,4,3,4,4,3,4,4,3,4,4,4,9,4,3,4,4,5,8,3,4,4,3,4,9,3,4,4,4,7,3,4,3,3,4,Yes
2025-5-15 下午12:13:34,67a908afd56a6f9e4bf0d17d,"Yes, I’m ready to begin.","Over the past five years, I’ve moved a couple of times mainly due to changes in work and financial situations. I started out renting a shared apartment to save money, then later moved into a small studio when I got a more stable job. Most of the moves were driven by affordability, better location for commuting, and wanting more personal space.",24,Same house 1 year ago,Less than 20.0 percent,Renter,Car / Truck / Van,"$125,000-$149,999","Management, business, science, and arts occupations",Now Married (Spouse Present),Yes,"Under 6 years old, 6 to 17 years old",14221,7,3,4,3,3,3,3,4,4,3,3,7,3,3,4,4,3,7,4,4,3,3,3,8,4,4,4,4,5,Yes,White,I have more than enough to meet my needs,Somewhat safe – I take normal precautions,7,8,8,8,3,4,4,4,3,4,4,4,4,4,3,4,6,3,4,3,4,3,7,3,4,3,8,3,4,3,Yes,"with a disability, with public health insurance",Graduate or professional degree,Native-born U.S. citizen,6,8,5,8,4,3,4,4,3,4,4,3,4,4,4,3,3,9,3,4,3,4,4,8,3,4,3,4,3,8,3,4,3,4,7,3,4,3,4,4,Yes
2025-5-15 下午12:16:18,5f0d2ad60ad0d6730c380b05,"Yes, I’m ready to begin.",I have lived alone rent free in the same detached single family house that I do not own for the entirety of the past 5 years.,52,Same house 1 year ago,Not computed,Other,"Car / Truck / Van, Walk","<$10,000","Management, business, science, and arts occupations",Never Married,No,No Children,16301,7,1,2,2,1,1,1,2,1,1,1,6,1,2,1,1,2,6,1,1,1,3,2,6,1,1,1,1,1,Yes,"White, Native American or Alaska Native","I struggle to afford basic needs (e.g., food, housing, healthcare)",Somewhat unsafe – I worry about crime occasionally,1,1,1,1,1,5,1,3,5,1,1,1,5,5,5,1,6,1,3,5,1,1,6,5,5,5,6,3,5,5,Yes,"no disability, without health insurance",Bachelor’s degree,Native-born U.S. citizen,1,8,6,1,1,1,5,1,5,4,1,5,1,1,4,1,1,6,1,5,4,1,4,1,5,1,5,1,1,6,1,1,4,1,6,1,1,5,1,1,Yes
2025-5-15 下午12:39:51,678967766af8f51e08627049,"Yes, I’m ready to begin.",I have rented the same house for almost 15 years. There have been no moves or changes in housing status ,54,Same house 1 year ago,40.0 to 49.9 percent,Renter,"Car / Truck / Van, Worked from home","$60,000-$74,999",Sales and office occupations,Never Married,Yes,6 to 17 years old,90045,4,2,5,4,2,2,1,5,4,3,1,10,4,5,2,4,3,7,5,5,1,4,3,7,4,4,3,3,3,No,,,,,,,,,,,,,,,,,,,,,,,,,,,,,,,,,,,,,,,,,,,,,,,,,,,,,,,,,,,,,,,,,,,,,,,,,,,,,,
2025-5-15 下午01:14:02,6622db9903554dcf04eb65e5,"Yes, I’m ready to begin.",I moved out of my parents house into an apartment in the last 2 years,22,Different house in United States 1 year ago,20.0 to 24.9 percent,Renter,Car / Truck / Van,"$100,000-$124,999","Natural resources, construction, and maintenance occupations",Now Married (Spouse Present),Yes,Under 6 years old,60085,3,4,5,5,4,4,1,5,4,2,3,6,4,4,2,4,5,7,5,4,5,4,3,6,2,5,3,3,4,Yes,"White, Hispanic or Latino",I have more than enough to meet my needs,Somewhat safe – I take normal precautions,7,7,4,5,4,4,5,4,4,3,3,1,3,2,4,4,8,4,3,3,4,2,10,4,3,4,4,3,3,4,Yes,"no disability, with private health insurance",Bachelor’s degree,Native-born U.S. citizen,8,3,7,5,5,3,4,4,5,2,3,5,5,4,4,4,1,8,4,5,3,5,4,9,4,4,5,4,3,6,4,4,4,4,5,4,3,5,5,4,Yes
2025-5-15 下午01:23:25,679ff314e2068250f20a0863,"Yes, I’m ready to begin.","the reason for the change is based on some financial issues
I live in my own house but cost of maintenance do affect me",53,Same house 1 year ago,Less than 20.0 percent,Owner-occupied,Car / Truck / Van,"$30,000-$34,999","Management, business, science, and arts occupations",Windowed,Yes,6 to 17 years old,76119,1,1,5,5,5,1,5,5,5,2,5,1,1,5,5,5,5,10,1,5,1,5,5,10,5,1,5,5,5,Yes,Black or African American,I live comfortably but budget carefully,Somewhat safe – I take normal precautions,10,10,10,1,5,1,1,1,1,5,5,3,5,1,1,5,10,5,1,1,5,3,6,5,4,1,1,5,5,5,Yes,"no disability, with private health insurance",Bachelor’s degree,Native-born U.S. citizen,10,10,2,5,4,5,2,5,5,1,5,5,5,5,1,5,5,10,3,5,5,5,5,10,5,5,1,5,5,10,5,5,5,5,10,1,5,1,5,5,Yes
2025-5-15 下午01:25:09,66355fd08810f9a9bd80bf20,"Yes, I’m ready to begin.","WE have been in our home since 2018, but would probably move if interest rates and costs weren't so inflated. The traffic has probably doubled since we've been here and they are constantly building more.",44,Same house 1 year ago,Not computed,Owner-occupied,Car / Truck / Van,"$100,000-$124,999","Management, business, science, and arts occupations",Now Married (Spouse Present),Yes,6 to 17 years old,30252,4,1,3,5,1,3,1,5,4,2,5,3,2,5,1,4,5,7,4,1,2,5,4,5,3,4,4,4,3,Yes,White,"I get by, but money is tight",Very safe – I rarely worry about crime,7,5,6,5,5,4,4,4,5,3,3,4,5,3,5,3,8,4,4,4,4,4,9,4,4,4,8,4,4,5,Yes,"no disability, with private health insurance",Bachelor’s degree,Native-born U.S. citizen,10,10,8,3,5,4,4,5,3,2,5,1,5,5,4,5,5,10,5,3,2,5,4,10,3,5,1,5,5,8,5,5,4,5,8,5,5,1,5,5,Yes
2025-5-15 下午01:26:20,5da497568034e40011366267,"Yes, I’m ready to begin.","In the past five years I have only moved once, which was to be closer to work, and to purchase a single family home. Prior to that, I lived in a duplex. The last four years I have lived in this single family home that I purchased with my wife.",37,Same house 1 year ago,25.0 to 29.9 percent,Owner-occupied,"Car / Truck / Van, Walk","$100,000-$124,999",Sales and office occupations,Now Married (Spouse Present),No,No Children,97321,6,5,3,3,5,2,2,3,2,2,1,7,5,3,4,3,2,7,2,5,1,3,4,8,5,2,4,5,3,Yes,White,I live comfortably but budget carefully,Somewhat safe – I take normal precautions,3,5,3,1,3,5,4,4,5,3,2,4,4,3,4,2,7,3,3,3,3,3,7,4,3,4,6,3,4,3,Yes,"no disability, with private health insurance",Bachelor’s degree,Native-born U.S. citizen,10,2,1,5,5,2,2,5,1,2,4,1,5,5,3,5,5,9,5,1,2,4,2,9,1,5,1,5,5,5,4,5,2,4,3,5,5,1,4,5,Yes
2025-5-15 下午01:35:32,64275e53f51a5ed4f6b7d019,"Yes, I’m ready to begin.","I've been living at the same apartment, never changed. I've been living here for the past 21 years. Rent is affordable enough and so there's never been a need to find another apartment. The prices ARE going up though, so that's not nice. It goes up by around $100 each year, so I hope it eventually stops or the increase would decrease.",42,Same house 1 year ago,50.0 percent or more,Renter,Car / Truck / Van,"$75,000-$99,999","Management, business, science, and arts occupations",Never Married,No,No Children,92801,1,1,5,5,5,1,1,5,1,1,5,5,1,5,1,1,5,5,5,1,1,1,1,5,1,5,1,1,1,Yes,Asian,I live comfortably but budget carefully,Somewhat safe – I take normal precautions,10,10,10,1,5,3,5,1,3,1,5,1,3,3,3,5,10,5,1,3,5,1,10,3,3,3,1,1,3,3,Yes,"no disability, with public health insurance",Bachelor’s degree,"Foreign-born, naturalized U.S. citizen",1,1,5,5,1,1,5,1,5,1,1,5,5,1,5,1,1,5,1,5,1,5,5,1,5,1,5,1,1,5,5,1,5,1,5,1,1,5,5,1,Yes
2025-5-15 下午01:50:21,6117efedb574017076d5b499,"Yes, I’m ready to begin.","In the past five years, I moved twice once for a new job and once to find more affordable rent. I have mostly rented apartments and looked for places closer to work and better neighborhoods.",32,Same house 1 year ago,Less than 20.0 percent,Owner-occupied,Car / Truck / Van,"$150,000-$199,999","Management, business, science, and arts occupations",Now Married (Spouse Present),No,Under 6 years old,23112,8,4,5,3,4,2,4,4,3,4,2,8,5,4,4,2,2,9,4,5,4,4,3,8,5,4,4,4,5,Yes,White,I have more than enough to meet my needs,Very safe – I rarely worry about crime,9,9,9,4,4,3,5,4,4,2,4,2,4,3,3,4,9,5,4,4,5,3,7,4,3,4,9,4,4,3,Yes,"no disability, with private health insurance",Graduate or professional degree,Native-born U.S. citizen,8,2,8,9,5,4,4,5,2,3,2,4,3,3,4,3,4,8,5,3,2,4,2,9,3,5,3,4,5,8,4,5,3,3,7,5,5,3,4,4,Yes
2025-5-15 下午01:54:51,5d92ac10a45dbf0019d5e7fd,"Yes, I’m ready to begin.","I moved out of my parent's house 3 years ago when me and my boyfriend decided to move in together. We moved to an apartment in the outskirts of my city. It took us about two months to find a place to apply at due to income limitations, income qualifications, etc. Previous to that, I had not moved away from home and lived with my parents and two siblings. My parents and siblings and myself had lived at the home we rented for about 10 years at the time.",30,Same house 1 year ago,30.0 to 34.9 percent,Renter,Car / Truck / Van,"$50,000-$59,999","Natural resources, construction, and maintenance occupations",Never Married,Yes,"Under 6 years old, 6 to 17 years old",76140,5,4,3,4,4,1,4,3,3,4,3,10,5,2,4,4,2,5,1,5,1,2,4,7,4,2,4,4,4,Yes,Hispanic or Latino,"I get by, but money is tight",Somewhat safe – I take normal precautions,5,5,5,1,3,4,2,5,5,4,3,4,3,2,3,3,8,4,3,3,4,3,7,2,2,3,4,5,5,5,Yes,"no disability, without health insurance",Associate’s degree,Native-born U.S. citizen,10,7,1,1,5,5,3,5,4,1,5,3,3,5,2,3,3,10,5,2,1,3,2,10,2,2,2,2,3,5,3,5,2,3,7,5,5,2,3,5,Yes
2025-5-15 下午02:06:27,67ee166102649305ca198bb4,"Yes, I’m ready to begin.",my housing experience has been relatively stable. i have rented an apartment in the same city. i moved once to find a place with more space. the main reason for the move were rising costs and the need for quieter living environment ,37,Same house 1 year ago,20.0 to 24.9 percent,Renter,Public Transportation,"$20,000-$24,999","Management, business, science, and arts occupations",Never Married,No,No Children,28167,9,5,4,2,5,2,4,2,4,5,2,10,5,2,5,4,1,10,5,5,1,2,2,9,5,5,5,4,5,Yes,White,I live comfortably but budget carefully,Very safe – I rarely worry about crime,9,8,9,5,5,2,3,2,2,2,3,1,2,1,2,4,9,5,2,2,3,2,9,2,2,1,9,1,2,2,Yes,"no disability, with private health insurance",Bachelor’s degree,Native-born U.S. citizen,9,2,8,9,4,4,3,4,4,3,2,3,3,3,4,3,3,10,4,3,3,4,2,9,4,3,3,2,2,9,4,3,3,2,7,3,2,2,3,2,Yes
2025-5-15 下午02:12:20,678967766af8f51e08617049,"Yes, I’m ready to begin.","rented the same house for the last 15 years, no moves or change in status",54,Same house 1 year ago,40.0 to 49.9 percent,Renter,"Car / Truck / Van, Worked from home","$60,000-$74,999",Sales and office occupations,Never Married,Yes,6 to 17 years old,90045,3,2,5,5,1,1,1,5,4,3,1,10,5,5,3,4,5,6,5,5,1,4,3,7,3,4,3,3,3,Yes,Black or African American,I live comfortably but budget carefully,Somewhat unsafe – I worry about crime occasionally,4,4,2,1,3,3,3,3,4,3,3,4,4,4,4,2,8,4,3,4,4,3,9,4,4,4,5,2,4,4,Yes,"no disability, with private health insurance","Some college, no degree",Native-born U.S. citizen,5,7,9,8,4,4,4,5,5,4,4,4,4,5,4,5,4,9,4,1,4,4,2,10,2,2,2,2,2,9,4,4,2,4,8,4,4,4,4,4,Yes
2025-5-15 下午02:27:56,558acd52fdf99b65685f03d9,"Yes, I’m ready to begin.","In the past five years, I have moved only once. I moved because there was an issue with my last place - some damage was done to it, and it was no longer safe for me to live in it. So, I left. I was renting the place.",33,Different house in United States 1 year ago,40.0 to 49.9 percent,Renter,"Car / Truck / Van, Bicycle, Walk, Worked from home","$25,000–$29,999",Service occupations,Now Married (Spouse Absent),No,No Children,28532,8,5,1,1,5,1,1,1,1,1,1,10,5,1,1,1,1,6,1,2,1,2,1,7,3,1,2,2,3,Yes,Black or African American,I live comfortably but budget carefully,Somewhat safe – I take normal precautions,9,8,6,1,4,1,3,1,1,1,5,1,1,1,1,5,10,5,1,1,5,1,4,1,1,1,6,1,1,1,Yes,"no disability, with public health insurance",Graduate or professional degree,"Foreign-born, naturalized U.S. citizen",8,6,8,10,3,1,2,1,1,1,4,3,1,2,1,1,3,10,3,1,1,1,1,10,1,4,3,1,3,7,1,2,1,1,7,3,4,3,1,2,Yes
2025-5-15 下午02:28:57,5e1553fd1e2e58b6448d8dcc,"Yes, I’m ready to begin.","I moved a couple of times from late 2010s to early 2020s. This was due to trying to find a better location and cost since some of the people we were with previously would not be staying. The places were rented and were small apartment buildings. The owners of the building were slow when it came to responding to issue such as the fridge being broken, and were acting greedy regarding the end lease when moving. I now live in a house which means more space, and feels less crowded in general. ",24,Same house 1 year ago,Not computed,Renter,Car / Truck / Van,"<$10,000",Service occupations,Never Married,No,No Children,43116,4,4,2,5,3,4,3,4,4,2,5,8,4,5,2,3,3,5,4,5,4,2,2,5,3,2,5,4,4,Yes,White,I live comfortably but budget carefully,Very safe – I rarely worry about crime,3,5,5,1,3,5,4,3,5,4,2,3,4,4,5,3,5,3,3,5,4,3,8,4,2,5,7,3,4,4,Yes,"with a disability, with private health insurance",Associate’s degree,Native-born U.S. citizen,7,4,6,5,3,4,4,5,4,2,5,4,5,5,5,4,4,9,3,4,1,5,4,8,4,2,3,4,4,8,4,4,5,4,8,3,4,4,5,4,Yes
2025-5-15 下午02:40:26,666e57a593be89c7850addc2,"Yes, I’m ready to begin.","I've actually moved a couple of times in the last few years. The first move was because my old place was getting really expensive, and I wasn't getting as much space as I wanted. I ended up finding a slightly smaller place, but the rent was way better, and it was in a much better location for me.

Then, a couple of years later, I moved again, this time because I got a new job in a different city. I had to find a place pretty quickly, so I ended up renting an apartment. It was a bit of a hassle at first, but it's been working out okay.",25,Same house 1 year ago,20.0 to 24.9 percent,Renter,"Car / Truck / Van, Walk","$100,000-$124,999","Management, business, science, and arts occupations",Now Married (Spouse Present),Yes,Under 6 years old,31548,8,3,3,4,2,3,4,4,3,4,1,7,3,4,5,3,2,6,4,3,2,2,4,7,2,4,4,3,5,Yes,White,I live comfortably but budget carefully,Very safe – I rarely worry about crime,8,9,9,4,3,2,3,3,4,4,2,3,4,3,2,3,7,3,2,2,3,4,9,2,3,4,7,3,3,4,Yes,"no disability, with private health insurance",Bachelor’s degree,Native-born U.S. citizen,9,7,9,7,3,4,3,2,3,3,4,1,3,3,4,4,3,5,3,1,2,3,3,7,3,3,1,4,3,6,3,4,4,3,6,4,4,5,3,4,Yes